{"name":"8a919716-4d80-4bac-951b-50458a96fb70","id":"/providers/Microsoft.Flow/flows/8a919716-4d80-4bac-951b-50458a96fb70","type":"Microsoft.Flow/flows","properties":{"apiId":"/providers/Microsoft.PowerApps/apis/shared_logicflows","displayName":"AutoLicense","definition":{"metadata":{"workflowEntityId":null,"processAdvisorMetadata":null,"flowclientsuspensionreason":"None","flowclientsuspensiontime":null,"flowclientsuspensionreasondetails":null,"creator":{"id":"74c0c9f9-ca64-4455-95b5-2625247bd912","type":"User","tenantId":"35709223-847f-412f-b4cb-45423f9b0125"},"provisioningMethod":"FromDefinition","failureAlertSubscription":true,"clientLastModifiedTime":"2023-02-06T16:58:51.5526507Z"},"$schema":"https://schema.management.azure.com/providers/Microsoft.Logic/schemas/2016-06-01/workflowdefinition.json#","contentVersion":"1.0.0.0","parameters":{"$connections":{"defaultValue":{},"type":"Object"},"$authentication":{"defaultValue":{},"type":"SecureObject"}},"triggers":{"When_a_new_response_is_submitted":{"splitOn":"@triggerOutputs()?['body/value']","metadata":{"operationMetadataId":"9eac109f-f434-448f-a1f0-202b6b550eff"},"type":"OpenApiConnectionWebhook","inputs":{"host":{"apiId":"/providers/Microsoft.PowerApps/apis/shared_microsoftforms","connectionName":"shared_microsoftforms","operationId":"CreateFormWebhook"},"parameters":{"form_id":"I5JwNX-EL0G0y0VCP5sBJfnJwHRkylVElbUmJSR72RJUMVhaVU42OFQ3Qlk4ME9VU0xaSzI1WUw0My4u"},"authentication":"@parameters('$authentication')"}}},"actions":{"Get_response_details":{"runAfter":{},"metadata":{"operationMetadataId":"0ff9f356-c1c8-4147-8045-19fd377aa486"},"type":"OpenApiConnection","inputs":{"host":{"apiId":"/providers/Microsoft.PowerApps/apis/shared_microsoftforms","connectionName":"shared_microsoftforms","operationId":"GetFormResponseById"},"parameters":{"form_id":"I5JwNX-EL0G0y0VCP5sBJfnJwHRkylVElbUmJSR72RJUMVhaVU42OFQ3Qlk4ME9VU0xaSzI1WUw0My4u","response_id":"@triggerOutputs()?['body/resourceData/responseId']"},"authentication":"@parameters('$authentication')"}},"Get_user_profile_(V2)":{"runAfter":{"Get_response_details":["Succeeded"]},"metadata":{"operationMetadataId":"1544bf4a-b2d4-4c4f-8404-0f89168b10e8"},"type":"OpenApiConnection","inputs":{"host":{"apiId":"/providers/Microsoft.PowerApps/apis/shared_office365users","connectionName":"shared_office365users","operationId":"UserProfile_V2"},"parameters":{"id":"@outputs('Get_response_details')?['body/responder']"},"authentication":"@parameters('$authentication')"}},"Post_adaptive_card_and_wait_for_a_response":{"runAfter":{"Get_user_profile_(V2)":["Succeeded"]},"metadata":{"operationMetadataId":"ac4995d1-d71c-4e65-a0fc-9f2b4d95ca83"},"type":"OpenApiConnectionWebhook","inputs":{"host":{"apiId":"/providers/Microsoft.PowerApps/apis/shared_teams","connectionName":"shared_teams","operationId":"PostCardAndWaitForResponse"},"parameters":{"poster":"Flow bot","location":"Chat with Flow bot","body/body/messageBody":"{\n    \"type\": \"AdaptiveCard\",\n    \"body\": [\n        {\n            \"type\": \"TextBlock\",\n            \"text\": \"New license request\",\n            \"wrap\": true,\n            \"isVisible\": true,\n            \"size\": \"Large\",\n            \"color\": \"Good\",\n            \"separator\": true,\n            \"horizontalAlignment\": \"Center\"\n        },\n        {\n            \"type\": \"Container\",\n            \"items\": [\n                {\n                    \"type\": \"Container\",\n                    \"items\": [\n                        {\n                            \"type\": \"TextBlock\",\n                            \"text\": \"There is a new license request. Please approve or reject this request. \",\n                            \"wrap\": true,\n                            \"isSubtle\": true,\n                            \"separator\": true,\n                            \"weight\": \"Lighter\",\n                            \"fontType\": \"Default\",\n                            \"size\": \"Small\"\n                        },\n                        {\n                            \"type\": \"Container\",\n                            \"items\": [\n                                {\n                                    \"type\": \"TextBlock\",\n                                    \"text\": \"License: \",\n                                    \"wrap\": true,\n                                    \"weight\": \"Bolder\"\n                                },\n                                {\n                                    \"type\": \"TextBlock\",\n                                    \"text\": \"Power BI Pro License\",\n                                    \"wrap\": true,\n                                    \"color\": \"Accent\"\n                                },\n                                {\n                                    \"type\": \"Container\",\n                                    \"items\": [\n                                        {\n                                            \"type\": \"TextBlock\",\n                                            \"text\": \"Employee: \",\n                                            \"wrap\": true,\n                                            \"weight\": \"Bolder\"\n                                        },\n                                        {\n                                            \"type\": \"TextBlock\",\n                                            \"text\": \"@{outputs('Get_user_profile_(V2)')?['body/displayName']}\",\n                                            \"wrap\": true,\n                                            \"color\": \"Accent\"\n                                        }\n                                    ]\n                                }\n                            ]\n                        }\n                    ]\n                }\n            ]\n        },\n        {\n            \"type\": \"Container\",\n            \"items\": [\n                {\n                    \"type\": \"TextBlock\",\n                    \"text\": \"Justification:\",\n                    \"wrap\": true,\n                    \"weight\": \"Bolder\"\n                },\n                {\n                    \"type\": \"TextBlock\",\n                    \"text\": \"@{outputs('Get_response_details')?['body/rb74f90a6eb4c48528c876d0729e40307']}\",\n                    \"wrap\": true,\n                    \"color\": \"Accent\"\n                },\n                {\n                    \"type\": \"ActionSet\",\n                    \"actions\": [\n                        {\n                            \"type\": \"Action.Submit\",\n                            \"title\": \"Approve\",\n                            \"style\": \"positive\",\n                            \"id\": \"Approve\"\n                        }\n                    ]\n                },\n                {\n                    \"type\": \"TextBlock\",\n                    \"text\": \"If you want to reject this request, please add some explanation for the employee.\",\n                    \"wrap\": true\n                },\n                {\n                    \"type\": \"ColumnSet\",\n                    \"columns\": [\n                        {\n                            \"type\": \"Column\",\n                            \"width\": \"stretch\",\n                            \"items\": [\n                                {\n                                    \"type\": \"Input.Text\",\n                                    \"placeholder\": \"Explanation\",\n                                    \"isMultiline\": true,\n                                    \"separator\": true,\n                                    \"id\": \"clarification\"\n                                }\n                            ]\n                        },\n                        {\n                            \"type\": \"Column\",\n                            \"width\": \"stretch\",\n                            \"items\": [\n                                {\n                                    \"type\": \"ActionSet\",\n                                    \"actions\": [\n                                        {\n                                            \"type\": \"Action.Submit\",\n                                            \"title\": \"Reject\",\n                                            \"style\": \"destructive\"\n                                        }\n                                    ]\n                                }\n                            ]\n                        }\n                    ]\n                }\n            ]\n        }\n    ],\n    \"$schema\": \"http://adaptivecards.io/schemas/adaptive-card.json\",\n    \"version\": \"1.2\"\n}","body/body/updateMessage":"Thanks for your response!","body/body/recipient/to":"admin@M365x71478580.onmicrosoft.com"},"authentication":"@parameters('$authentication')"}},"Condition":{"actions":{"Check_group_membership_(V2)":{"runAfter":{},"metadata":{"operationMetadataId":"26e092c1-b179-4d91-af34-aed76ed60e0b"},"type":"OpenApiConnection","inputs":{"host":{"apiId":"/providers/Microsoft.PowerApps/apis/shared_azuread","connectionName":"shared_azuread","operationId":"CheckMemberGroupsV2"},"parameters":{"id":"@outputs('Get_user_profile_(V2)')?['body/id']","body/groupIds":["10a61d95-04f9-4c2a-bd3e-a04bf327bf35"]},"authentication":"@parameters('$authentication')"}},"Condition_2":{"actions":{"Add_user_to_group":{"runAfter":{},"metadata":{"operationMetadataId":"df59653f-1eb0-4691-ae2b-8af08ad72c56"},"type":"OpenApiConnection","inputs":{"host":{"apiId":"/providers/Microsoft.PowerApps/apis/shared_azuread","connectionName":"shared_azuread","operationId":"AddUserToGroup"},"parameters":{"id":"10a61d95-04f9-4c2a-bd3e-a04bf327bf35","body/@odata.id":"@outputs('Get_user_profile_(V2)')?['body/id']"},"authentication":"@parameters('$authentication')"}},"Send_an_email_(V2)":{"runAfter":{"Add_user_to_group":["Succeeded"]},"metadata":{"operationMetadataId":"5c40b13f-4494-4f24-a1c4-ddaa6286f645"},"type":"OpenApiConnection","inputs":{"host":{"apiId":"/providers/Microsoft.PowerApps/apis/shared_office365","connectionName":"shared_office365","operationId":"SendEmailV2"},"parameters":{"emailMessage/To":"@outputs('Get_user_profile_(V2)')?['body/mail']","emailMessage/Subject":"License Request for Power BI","emailMessage/Body":"<p>Hi @{outputs('Get_user_profile_(V2)')?['body/givenName']},<br>\nCongratulations!<br>\nYour request for a Power BI Pro license has been approved.<br>\n<br>\nThe license will reflect as soon as possible<br>\n<br>\nRegards,<br>\nLicensing Team</p>","emailMessage/Importance":"Normal"},"authentication":"@parameters('$authentication')"}}},"runAfter":{"Check_group_membership_(V2)":["Succeeded"]},"else":{"actions":{"Send_an_email_(V2)_2":{"runAfter":{},"metadata":{"operationMetadataId":"d76564a5-8350-43de-beb5-4e136672b4bd"},"type":"OpenApiConnection","inputs":{"host":{"apiId":"/providers/Microsoft.PowerApps/apis/shared_office365","connectionName":"shared_office365","operationId":"SendEmailV2"},"parameters":{"emailMessage/To":"@outputs('Get_user_profile_(V2)')?['body/mail']","emailMessage/Subject":"License Request for Power BI","emailMessage/Body":"<p>Hi @{outputs('Get_user_profile_(V2)')?['body/givenName']},<br>\nYou recently applied for a Power BI Pro license, however according to our records you already have access to this. Please reconfirm and do not hesitate to contact the team for ant clarification that you may have.<br>\n<br>\nRegards,<br>\nLicensing Team</p>","emailMessage/Importance":"Normal"},"authentication":"@parameters('$authentication')"}}}},"expression":{"not":{"contains":["@outputs('Check_group_membership_(V2)')?['body/value']","10a61d95-04f9-4c2a-bd3e-a04bf327bf35"]}},"metadata":{"operationMetadataId":"9b895257-d12b-45e8-8fc2-1b9dc2a3ebe0"},"type":"If"}},"runAfter":{"Post_adaptive_card_and_wait_for_a_response":["Succeeded"]},"else":{"actions":{"Send_an_email_(V2)_3":{"runAfter":{},"metadata":{"operationMetadataId":"d10832de-9c3f-4334-8cf4-4d2053c3dd6f"},"type":"OpenApiConnection","inputs":{"host":{"apiId":"/providers/Microsoft.PowerApps/apis/shared_office365","connectionName":"shared_office365","operationId":"SendEmailV2"},"parameters":{"emailMessage/To":"@outputs('Get_response_details')?['body/responder']","emailMessage/Subject":"License Request Rejected","emailMessage/Body":"<p>Hello @{outputs('Get_user_profile_(V2)')?['body/givenName']},<br>\n<br>\nUnfortunately your request for a Power BI Pro license has been rejected.<br>\nKindly find reason for this below.<br>\n<br>\n@{body('Post_Adaptive_Card_and_wait_for_a_response')?['data']?['clarification']}</p>","emailMessage/Importance":"Normal"},"authentication":"@parameters('$authentication')"}}}},"expression":{"equals":["@body('Post_Adaptive_Card_and_wait_for_a_response')?['submitActionId']","Approve"]},"metadata":{"operationMetadataId":"13bac37b-8eac-444d-b220-8c2bdf639c60"},"type":"If"}}},"connectionReferences":{"shared_microsoftforms":{"connectionName":"shared-microsoftform-021ca1d3-71ec-4fb4-a280-19f418ed64b4","source":"Embedded","id":"/providers/Microsoft.PowerApps/apis/shared_microsoftforms","tier":"NotSpecified"},"shared_office365users":{"connectionName":"shared-office365user-65ef25bd-a2f4-426d-a532-e596d3721bb2","source":"Embedded","id":"/providers/Microsoft.PowerApps/apis/shared_office365users","tier":"NotSpecified"},"shared_teams":{"connectionName":"shared-teams-23d3d439-6787-444d-8c3f-3bdd54a6a83a","source":"Embedded","id":"/providers/Microsoft.PowerApps/apis/shared_teams","tier":"NotSpecified"},"shared_azuread":{"connectionName":"shared-azuread-f32a1ccc-4b0d-40f2-84a3-9037f96a5964","source":"Embedded","id":"/providers/Microsoft.PowerApps/apis/shared_azuread","tier":"NotSpecified"},"shared_office365":{"connectionName":"shared-office365-2742cd6b-9db1-4a16-a8f5-c6bc4dc9f426","source":"Embedded","id":"/providers/Microsoft.PowerApps/apis/shared_office365","tier":"NotSpecified"}},"flowFailureAlertSubscribed":false,"isManaged":false}}